Hashtag,Qtd. de posts,Curtidas médias,Engajamento médio,plays_total
pov,1,1155.0,0.007542296718574572,3947
fp,1,191.0,0.004382559001244021,2189
darkcrochet,1,156.0,0.0024196248861300044,2635
bts,2,3165.0,0.0018423060956134947,72236
btsarmy,2,3165.0,0.0018423060956134947,72236
jimin,1,197.0,0.0018085685805727739,3597
boneca,3,711.0,0.0017091190518362307,40289
amigurumibrasil,5,41445.2,0.0016223064180565564,2187431
artesanato,8,105557.5,0.0010134222102003165,10424547
crochê,4,198026.75,0.000912700347280133,8961136
crochetbunny,3,323252.0,0.0008088383740460797,11302635
trend,1,361.0,0.0007815214321624079,6927
capcut,1,361.0,0.0007815214321624079,6927
rainhaelizabeth,1,2801.0,0.0006689342403628117,21000
handmade,6,5779.666666666667,0.0006079424388760329,1336736
croche,18,66178.72222222222,0.0005966040843715967,16562582
amigurumilove,9,54106.333333333336,0.0005950229566232335,4139089
ursinhoscarinhosos,2,6680.5,0.0004605511434062089,105327
fypシ,2,2290.0,0.00044745729696849836,69127
amigurumi,66,86124.72727272728,0.00036884314680134034,70822431
foryoupage,3,500385.3333333333,0.0003171637520877143,11230127
duck,1,4424.0,0.0003048262001082223,39400
giftideas,1,4424.0,0.0003048262001082223,39400
fyp,14,52752.0,0.00026738443536341395,8234224
ursofiodemalha,1,3175.0,0.00022784664830119376,39600
ursoamigurumi,1,3175.0,0.00022784664830119376,39600
crocheteira,1,131.0,0.00020546551082164984,8284
linhaparaamigurumi,1,131.0,0.00020546551082164984,8284
linhadecroche,1,131.0,0.00020546551082164984,8284
fioamigurumi,1,131.0,0.00020546551082164984,8284
crochet,56,95224.39285714286,0.0001942951478436788,61744451
artesanatobrasil,1,1720.0,0.00017923834314169306,37600
passoapasso,2,1720.0,0.00017923834314169306,75200
feitoamao,1,1720.0,0.00017923834314169306,37600
amigurumipassoapasso,1,1720.0,0.00017923834314169306,37600
linhasdeexpressão,1,1720.0,0.00017923834314169306,37600
aprendacroche,1,1720.0,0.00017923834314169306,37600
bonecaamigurumi,1,795.0,0.00016869797859690844,23200
diy,1,795.0,0.00016869797859690844,23200
smallbusiness,2,29562.0,0.00015561605005411116,1039400
zepilintra,1,6522.0,0.00015210997497441543,68200
pontosdeumbanda,1,6522.0,0.00015210997497441543,68200
umbanda,1,6522.0,0.00015210997497441543,68200
law,1,2502.0,0.00014603557835789614,42300
handicap,1,5484.0,0.00014005832431964214,67100
btsamigurumi,1,5484.0,0.00014005832431964214,67100
charmander,1,8222.0,0.0001334495247313683,82700
pikachu,1,8222.0,0.0001334495247313683,82700
pokemon,1,8222.0,0.0001334495247313683,82700
crocheterapia,3,2377.6666666666665,0.00012272865258725174,288900
crocheting,2,5842.0,0.0001221266278922299,325800
tejer,2,5822.5,0.00012000741351696231,273700
jaguariuna,1,3325.0,0.00011529224852089155,57100
fiochenille,1,3325.0,0.00011529224852089155,57100
tiktokshop,1,744.0,0.00011491634033463865,26500
cookie,1,4219.0,0.00011339316177458875,62200
capivara,2,10862.5,0.00010813031077132122,201300
iniciante,2,7160.0,0.00010393380656875496,258000
capybara,1,18400.0,0.00010096837302175088,144200
cursodecrochet,2,45160.0,9.192897157084653e-05,1537600
artesanatocriativo,2,26760.0,9.102026850962204e-05,1437600
rendaextra,2,26760.0,9.102026850962204e-05,1437600
baphomet,1,79000.0,8.767832782733792e-05,312700
arte,1,79000.0,8.767832782733792e-05,312700
fairydoll,1,7301.0,7.989918084436043e-05,103500
amigurumifairy,1,7301.0,7.989918084436043e-05,103500
crochetdoll,1,7301.0,7.989918084436043e-05,103500
oceanfairy,1,7301.0,7.989918084436043e-05,103500
onepiece,2,5424.0,7.409511969401804e-05,678500
viral,1,6577.0,7.10875631038209e-05,99600
croch,1,6577.0,7.10875631038209e-05,99600
ovelha,1,6577.0,7.10875631038209e-05,99600
amigurumipattern,2,7577.0,6.822412655499273e-05,231500
amigurumis,7,86667.14285714286,6.718749390255594e-05,4787600
viralvideo,1,38800.0,6.485745723842333e-05,252800
parati,1,38800.0,6.485745723842333e-05,252800
fy,2,5456.0,6.395229079619291e-05,188000
eternizacao,1,3402.0,6.226664957922167e-05,76500
minimim,1,3402.0,6.226664957922167e-05,76500
maternidadereal,1,3402.0,6.226664957922167e-05,76500
chaveiros,1,2181.0,5.636016831369993e-05,64600
luffy,3,63749.333333333336,5.117954424661221e-05,2578500
amigurumispersonalizados,1,1826.0,4.8295752949826685e-05,67600
crochêinspiração,1,1826.0,4.8295752949826685e-05,67600
safari,1,1826.0,4.8295752949826685e-05,67600
crochetersoftiktok,10,65506.5,4.783677831238524e-05,7764500
hechoamano,6,293840.8333333333,4.339964046428084e-05,15173700
crochettok,3,117673.0,4.2804119391160246e-05,2962200
crochettiktok,7,145257.42857142858,3.708007442049683e-05,8927800
amigurumiscrochet,2,9076.5,3.573594354411114e-05,425200
navidad,1,11600.0,3.5563244905805466e-05,204000
navidadentiktok,1,11600.0,3.5563244905805466e-05,204000
mysnugbuns,1,2432.0,3.555291319857313e-05,87000
tutorialcrochet,1,2432.0,3.555291319857313e-05,87000
snugbuns,1,2432.0,3.555291319857313e-05,87000
learnhowtocrochet,1,2432.0,3.555291319857313e-05,87000
howtocrochet,1,2432.0,3.555291319857313e-05,87000
kitdecrochet,1,2432.0,3.555291319857313e-05,87000
kitaprendercrochet,1,2432.0,3.555291319857313e-05,87000
crochetkit,1,2432.0,3.555291319857313e-05,87000
learnhowtocrochetkit,1,2432.0,3.555291319857313e-05,87000
aprendercrochet,1,2432.0,3.555291319857313e-05,87000
amigurumiaddict,1,3104.0,3.218430138863962e-05,103700
caracaquemequi,1,3104.0,3.218430138863962e-05,103700
diadospais,1,3104.0,3.218430138863962e-05,103700
mobiles,1,3104.0,3.218430138863962e-05,103700
fundodomar,1,3104.0,3.218430138863962e-05,103700
titkok,1,12600.0,2.8629269995816882e-05,220400
bichinhos,1,12600.0,2.8629269995816882e-05,220400
ghostface,1,122200.0,2.5677063425230063e-05,697800
viral_video,1,20100.0,2.365793198173148e-05,326300
fyy,1,20100.0,2.365793198173148e-05,326300
crochetamigurumi,1,1843.0,2.283528031264243e-05,113100
crochetfail,1,1843.0,2.283528031264243e-05,113100
snoopy,1,27400.0,2.2683623487137136e-05,357900
crochettutorial,5,156795.8,2.254935073946473e-05,14555900
winniethepooh,2,4328.0,1.7809396504013706e-05,368200
crochetpattern,7,168379.0,1.7383245139332352e-05,13792900
christmasdecor,1,10300.0,1.4922814822597269e-05,297200
christmascrochet,1,10300.0,1.4922814822597269e-05,297200
szydełkowanie,1,3732.0,1.3947700228904208e-05,265800
crafttok,1,3306.0,1.319462227171131e-05,185800
kawaii,1,3306.0,1.319462227171131e-05,185800
fluffycat,1,147900.0,1.3161570247933883e-05,1100000
fluffy,1,147900.0,1.3161570247933883e-05,1100000
crochetcat,1,147900.0,1.3161570247933883e-05,1100000
cat,1,147900.0,1.3161570247933883e-05,1100000
gato,1,147900.0,1.3161570247933883e-05,1100000
disneycrafts,1,6813.0,1.2783512695384983e-05,255100
doll,1,14000.0,1.12376294536397e-05,369900
ganchillo,1,3693.0,9.709271478369063e-06,213700
tejido,1,3693.0,9.709271478369063e-06,213700
crochetenespañol,1,3693.0,9.709271478369063e-06,213700
toysoftiktok,1,294100.0,8.613296398891967e-06,1900000
dolls,1,294100.0,8.613296398891967e-06,1900000
handemade,1,294100.0,8.613296398891967e-06,1900000
poupee,1,294100.0,8.613296398891967e-06,1900000
toys,1,294100.0,8.613296398891967e-06,1900000
france,1,294100.0,8.613296398891967e-06,1900000
blancheneige,1,294100.0,8.613296398891967e-06,1900000
cute,1,12600.0,8.297860495630297e-06,454700
boca,1,38200.0,8.098828337169904e-06,754400
bundlebabies,1,13000.0,7.173844298416063e-06,484300
amigurumidoll,1,13000.0,7.173844298416063e-06,484300
crochetbaby,1,13000.0,7.173844298416063e-06,484300
amigurumibaby,1,13000.0,7.173844298416063e-06,484300
artdoll,1,13000.0,7.173844298416063e-06,484300
crochetbabydoll,1,13000.0,7.173844298416063e-06,484300
babydoll,1,13000.0,7.173844298416063e-06,484300
mushroomsandmeadows,1,13000.0,7.173844298416063e-06,484300
handmadedoll,1,13000.0,7.173844298416063e-06,484300
diycrafts,1,17800.0,6.81476283914984e-06,560300
crochetoctopusplushie,1,171100.0,6.509619377162629e-06,1700000
hellokitty,1,94500.0,5.7279881656804734e-06,1300000
paravoce,1,15500.0,5.623553721766763e-06,534900
sapinho,1,15500.0,5.623553721766763e-06,534900
foryou,2,97950.0,5.485973536783658e-06,2434900
كروشيه,1,180400.0,5.348393351800554e-06,1900000
stitchamigurumi,1,202500.0,5.293174603174603e-06,2100000
disney,2,897050.0,4.942570951359249e-06,13100000
crochetduck,1,2675.0,4.895251003827804e-06,244400
amigurumipasoapaso,1,88600.0,4.6196e-06,1500000
emprendedesdecasa,1,88600.0,4.6196e-06,1500000
aprendeyemprende,1,88600.0,4.6196e-06,1500000
crochetplushie,3,380233.3333333333,4.466618461799018e-06,13000000
enxoval,1,35800.0,4.042736992006869e-06,984100
portamaternidade,1,35800.0,4.042736992006869e-06,984100
amogurumis,1,35800.0,4.042736992006869e-06,984100
calopsita,1,171700.0,3.6259710743801657e-06,2200000
trending,1,171700.0,3.6259710743801657e-06,2200000
chenille,1,17700.0,3.199970915977929e-06,759300
viraltiktok,1,17700.0,3.199970915977929e-06,759300
tutorial,2,24800.0,2.8959332881045537e-06,5134900
elephant,1,296500.0,2.7821885813148788e-06,3400000
costarica,1,8346.0,2.154661030139955e-06,636200
bobesponja,1,159600.0,1.8086160249739854e-06,3100000
kitamigurumi,1,159600.0,1.8086160249739854e-06,3100000
carcharm,1,251600.0,1.3742123456790124e-06,4500000
crochetcharm,1,251600.0,1.3742123456790124e-06,4500000
crochetmalaysia,1,251600.0,1.3742123456790124e-06,4500000
handmadewithlove,1,251600.0,1.3742123456790124e-06,4500000
crochetlover,1,14900.0,1.33e-06,1100000
gatocrochet,1,14900.0,1.33e-06,1100000
crochetargentina,1,14900.0,1.33e-06,1100000
nomedeja,1,1500000.0,1.2718455038265308e-06,11200000
mimorenita,1,1500000.0,1.2718455038265308e-06,11200000
princes,1,1500000.0,1.2718455038265308e-06,11200000
ramoreversible,1,1500000.0,1.2718455038265308e-06,11200000
mexico🇲🇽,1,1500000.0,1.2718455038265308e-06,11200000
thiana,1,1500000.0,1.2718455038265308e-06,11200000
muñecareversible,1,1500000.0,1.2718455038265308e-06,11200000
CapCut,1,785100.0,1.1347507747933885e-06,8800000
atelie,1,785100.0,1.1347507747933885e-06,8800000
shrekamigurumi,1,785100.0,1.1347507747933885e-06,8800000
shrek,1,785100.0,1.1347507747933885e-06,8800000
crochetplushies,1,722400.0,9.188527882797732e-07,9200000
amigurumitutorial,1,34100.0,1.6831285444234404e-07,4600000
